{"0":90.0365416033,"1":89.7602514972,"2":89.6676720769,"3":89.5449953676,"4":89.359128847,"5":89.3477620682,"6":89.0758052451,"7":88.9104991343,"8":88.8010703904,"9":88.5735780626,"10":88.568676645,"11":88.5299246973,"12":88.0672520045,"13":87.8671327128,"14":87.6126735062,"15":87.5882058399,"16":87.4586318782,"17":86.9695562008,"18":86.6632918073,"19":86.6048608115,"20":86.1164102097,"21":85.4899575398,"22":84.434773538,"23":82.7104742979,"24":82.4784620825,"25":81.9713551542,"26":79.8962237493,"27":79.1113888756,"28":77.9223450845,"29":77.6162970967,"30":77.171358612,"31":77.071829434,"32":75.5553358904,"33":75.1652860898,"34":74.8218760647,"35":74.6821860239,"36":74.4010547819,"37":74.381042514,"38":74.0377229279,"39":74.0293450741,"40":73.9630050822,"41":73.7813589819,"42":73.4293264855,"43":72.3448196366,"44":72.1401406166,"45":71.9245849086,"46":71.8445530431,"47":71.5691700374,"48":68.6088988334,"49":67.9856277101,"50":67.3906738301,"51":67.317663402,"52":66.8352867148,"53":64.8534977776,"54":64.4907430041,"55":64.2340954936,"56":62.9317849818,"57":62.3150079585,"58":60.3619831353,"59":59.978245003,"60":59.658514421,"61":56.987830964,"62":56.3126943662}